{
  "title": "02 - Cell Types",
  "cells": [
    {
      "type": "text",
      "data": "Currently four cell types are supported:<br><div><ol><li>A \"Text Cell\" lets you edit rich-text in-place. It supports images and links too.</li><li>A \"Code Cell\" packs the awesome ACE code editor, with syntax highlighting support for 110+ languages, 20+ themes, automatic indent and outdent, and much more.</li><li>A \"Markdown Cell\" lets you write in Markdown with inline formatting and custom CSS options. A preview window renders Markdown as HTML as you type.</li><li>A \"LaTeX Cell\" makes it easy to typeset mathematical equations in your notes.</li></ol></div>"
    },
    {
      "type": "text",
      "data": "<h3>Text Cell</h3>"
    },
    {
      "type": "text",
      "data": "This is a <b>text cell</b> with <i>some <u>formatting</u> applied</i>.<div><div></div></div>"
    },
    {
      "type": "text",
      "data": "<div><div>You can change text formatting using the toolbar at the top, or with standard keyboard shortcuts such as ⌘B for bold.</div><div></div></div>"
    },
    {
      "type": "text",
      "data": "<div><div>More complex text and paragraph styles are also supported. You can find those options under the “Format” menu.<br></div></div>"
    },
    {
      "type": "text",
      "data": "<div style=\"text-align: center;\">This is <span style=\"font-size: 21px;\"><i>an example</i></span> of a <u><font face=\"Georgia\" style=\"font-size: 19px;\">text cell</font></u> with <font color=\"#c14dff\" style=\"\">complex styles</font> applied.</div>"
    },
    {
      "type": "text",
      "data": "<h3>Code Cell</h3>"
    },
    {
      "type": "code",
      "language": "javascript",
      "data": "// This is a code cell set to the JavaScript mode\n\nvoid hello()\n{\n    console.log(\"Hello World!\");\n}"
    },
    {
      "type": "code",
      "language": "coffee",
      "data": "# And this is a code cell set to the CoffeeScript mode\n\nhello = ->\n    console.log 'Hello World!'"
    },
    {
      "type": "text",
      "data": "<h3>Markdown Cell</h3>"
    },
    {
      "type": "markdown",
      "data": "This is a markdown cell. You can use common markdown syntax here.\n\nBasic formatting of *italic* and **bold** is supported.\n\nSo is `inline code`.\n\nAnd lists.\n\n### Ordered list\n1. Item 1\n2. A second item\n3. Number 3\n4. Ⅳ\n\n### Unordered list\n* An item\n* Another item\n* Yet another item\n* And there's more...\n\n### Quote\n\n> Here is a quote.\n\nCustom CSS options can be set in the Preferences."
    },
    {
      "type": "text",
      "data": "<h3>LaTeX Cell</h3>"
    },
    {
      "type": "text",
      "data": "Maxwell's Equations:"
    },
    {
      "type": "latex",
      "language": "latex",
      "data": "\\begin{align}\n  \\nabla \\times \\vec{\\mathbf{B}} -\\, \\frac1c\\, \\frac{\\partial\\vec{\\mathbf{E}}}{\\partial t} & = \\frac{4\\pi}{c}\\vec{\\mathbf{j}} \\\\\n  \\nabla \\cdot \\vec{\\mathbf{E}} & = 4 \\pi \\rho \\\\\n  \\nabla \\times \\vec{\\mathbf{E}}\\, +\\, \\frac1c\\, \\frac{\\partial\\vec{\\mathbf{B}}}{\\partial t} & = \\vec{\\mathbf{0}} \\\\\n  \\nabla \\cdot \\vec{\\mathbf{B}} & = 0\n\\end{align}"
    },
    {
      "type": "text",
      "data": "Open the preview window to see how it's rendered."
    }
  ]
}