{
  "title": "07 - Tagging",
  "cells": [
    {
      "type": "text",
      "data": "<div>Quiver lets you assign tags to a note. This is another way to organize your notes.</div><div><br></div><div><img src=\"quiver-image-url/CE8A523D-F811-4E34-A9B6-DFD3DC34CB52.tiff\"></div>"
    },
    {
      "type": "text",
      "data": "You can browse notes in the Tags view.<div><br><div><img src=\"quiver-image-url/CB30D7D9-EBD3-44BD-B3A8-1BE4CB96D12E.png\"><br></div></div>"
    },
    {
      "type": "text",
      "data": "<div>If you want to assign a tag to multiple notes at once, first multi-select the notes from the note list, then switch to the Tags view, and drag the notes onto the tag.</div>"
    }
  ]
}