{
  "title": "12 - Preferences",
  "cells": [
    {
      "type": "text",
      "data": "<div>Quiver comes with<span style=\"line-height: 1.4;\"> two beautifully designed UI themes: a light theme and a dark theme. You can change the app appearance in the General tab.</span></div>"
    },
    {
      "type": "text",
      "data": "<img src=\"quiver-image-url/13FE2C01-7897-4F66-B782-2B6ACBE32531.png\">"
    },
    {
      "type": "text",
      "data": "In the Cells tab, you can set custom cell styles, such as font size, text color, background color, using standard CSS. The code cell theme is also set here."
    },
    {
      "type": "text",
      "data": "<div><img src=\"quiver-image-url/9AD0D31E-7217-4052-8FEC-C77C461A0AA6.png\"><img src=\"quiver-image-url/4CC4499F-4E5F-4BEC-BFE4-82EB4D3423BF.png\" style=\"line-height: 1.4;\"><br></div>"
    },
    {
      "type": "text",
      "data": "The Sync and Backup tabs are already covered in previous notes."
    }
  ]
}