{
  "title": "06 - Search",
  "cells": [
    {
      "type": "text",
      "data": "Notes are only useful if you can find them quickly. Quiver's full-text search is based on Search Kit, the same technology used to power Spotlight on your mac. That’s how Quiver can search through thousands of notes in a blink of an eye."
    },
    {
      "type": "text",
      "data": "You can search by keyword or #tag."
    },
    {
      "type": "text",
      "data": "<div><span style=\"line-height: 1.4;\">You can also search within a note (⌘F). Use ⌘G to find the next occurrence, and ⇧⌘G to find the previous occurence.</span><br></div><div><br></div><div><img src=\"quiver-image-url/8D64FBB0-D3B6-49B3-8585-50BDBA751B29.png\"><br></div>"
    }
  ]
}