{
  "title": "04 - Images, Files and Links",
  "cells": [
    {
      "type": "text",
      "data": "<div>You can embed images in a text cell. Simply drag or paste them in.</div><div><br><div><img src=\"quiver-image-url/F6E1CA4A-FA0B-4E45-9861-3E3FEB0DAF99.png\"><br></div><div><br></div></div><div>Images in text cells are stored inside the note, so they work offline.</div>"
    },
    {
      "type": "text",
      "data": "If you drag a file (e.g., PDF, epub) into a text cell, it becomes a clickable file link. Note that the file is <b>NOT</b> stored inside the note. If you move the file afterwards, the file link may become invalid."
    },
    {
      "type": "text",
      "data": "URLs are automatically detected when you paste them into a text cell, for example, <a href=\"http://www.apple.com\">http://www.apple.com</a>."
    },
    {
      "type": "text",
      "data": "Another useful feature is <b>Linked Notes</b>. You can create a note link using the menu item “Copy Note Link” (⌃⌥⌘C) under the “Note” menu.<div><br></div><div><div><a href=\"quiver-note-url/9686AA1A-A5E9-41FF-9260-C3E0D0E9D4CB\">02 - Cell Types</a><br></div><div><a href=\"quiver-note-url/EDFC03DD-4E78-4405-A560-4A902FCE4312\">03 - Cell Operations</a></div></div><div><br></div><div>This is a nice way to cross reference your notes. A linked note can be in a different notebook, too.</div>"
    }
  ]
}