{
  "title": "05 - Preview and Presentation",
  "cells": [
    {
      "type": "text",
      "data": "<h3>Live Preview</h3>Quiver supports live preview of Markdown and LaTeX cells. You can choose \"Show Preview Window\" (⌃⌘P) from the \"Note\" menu or click the preview button <img src=\"quiver-image-url/0C0FFDB8-382A-4FE9-AF9B-BD555C7B0A26.png\"> in the toolbar."
    },
    {
      "type": "text",
      "data": "You can open a note in a separate window by double clicking on it. A typical setup is like this:<div><img src=\"quiver-image-url/09AE4F85-E08A-444A-835C-F7E894EB25EB.png\"><br></div>"
    },
    {
      "type": "text",
      "data": "Quiver’s live preview mode is very efficient. It only updates the cell that is being edited."
    },
    {
      "type": "text",
      "data": "<h3>Presentation Mode</h3><div>Quiver also comes with a full-screen presentation mode. You can choose “Enter Presentation Mode” (<span style=\"line-height: 1.4;\">⌃⌥⌘P) from the </span>“<span style=\"line-height: 1.4;\">Note</span>”<span style=\"line-height: 1.4;\"> menu or click the present button </span><img src=\"quiver-image-url/E11A458D-9956-414C-ABE7-55518AE67007.png\" style=\"line-height: 1.4;\"> in the toolbar.</div><div><br></div><div>The presentation mode is great for classroom use, team meetings, presentations, or simply reviewing notes on your own.<br></div><div><br></div><div><img src=\"quiver-image-url/AD9CEC60-4B82-4488-A916-F12EFCB6C0D2.png\"><br></div><div></div>"
    }
  ]
}