{
  "title": "11 - Integrations",
  "cells": [
    {
      "type": "text",
      "data": "Quiver doesn’t lock you in.<div></div>"
    },
    {
      "type": "text",
      "data": "Quiver saves notebooks and notes in simple JSON formats, which are well-documented here: <a href=\"https://github.com/HappenApps/Quiver/wiki/Quiver-Data-Format\">https://github.com/HappenApps/Quiver/wiki/Quiver-Data-Format</a>.<div><br></div><div>So you can take your notes anywhere with you, and it’s easy to integrate Quiver notes with other tools you use.</div>"
    },
    {
      "type": "text",
      "data": "If you just need to export notes to HTML or PDF, Quiver already has that functionality built-in. However, <u>the real power of an open format lies with custom scripts</u>."
    },
    {
      "type": "text",
      "data": "A custom script can convert a Quiver notebook or note into any other format. A few sample scripts can be found here: <a href=\"https://github.com/HappenApps/Quiver/wiki/Export-Scripts\">https://github.com/HappenApps/Quiver/wiki/Export-Scripts</a>.<div><br></div><div>If you take a look at the scripts, you will see how easy it is to write a custom script that suits your needs. For example, you might write a script to convert a Quiver notebook into a set of developer documentation, then publish it on your website.</div>"
    }
  ]
}