{
  "title": "10 - Backup and Recovery",
  "cells": [
    {
      "type": "text",
      "data": "For users who don't use cloud syncing or version control, there is another way to keep your notes safe."
    },
    {
      "type": "text",
      "data": "To back up your entire library, open the Backup tab in Preferences.<div><br></div><div><img src=\"quiver-image-url/16A3B09A-EF08-4D80-B62E-B8FA8B598C78.png\"><br></div><div>Choose “Backup Now” to back up your entire library. Choose “Restore from Backup” if you want to restore your library from a previous backup.</div>"
    }
  ]
}